TicketID,Summary,Status,Priority,Submitter,Assigned,Watching
1,This is a bug ticket,Open,High,Drew Kjell,Jane Doe,Drew Kjell|John Smith|Bill Jones
1,Computer wont print,OPEN,HIGH,Andrew Gunn,Andrew Gunn,Andrew Gunn|Jeff Grissom|Michael Jackson
2,Grandma deleted her account again,CLOSED,LOW,Boy George,Andrew Gunn,Jeff Grissom
3,Dog ate my sandwich, took a shit on my laptop,TERMINATED,HIGH,Odie,Jeff Grissom,Andrew Gunn|Jeff Grissom
4,My car is making this squeaking noise, its god awful wtf is it?,ESCALATED,MEDIUM,Jeff Grissom,Jeff Grissom,Jeff Grissom
5,Ooooh that smell...can you smell that smell?,SMELLY,IDK MAN,Lynard Skynyrd,Andrew Gunn,Boy George
6,Karma karma karma karma chameleon, you come and goooo, you come and goooooo oh.,RED GOLD AND GREEN, RED GOLD AND GREEEEEEN,THEY WERE ON HARD DRUGS I THINK,Boy George was one hell of a junkie,Andrew Gunn,Andrew Gunn|Jeff Grissom|Bowowowyippyyoyippyyay  bowowyippyyoyippyya|Cousin Skeeter